{
  "project_info": {
    "project_number": "683534450727",
    "project_id": "datainsert-database",
    "storage_bucket": "datainsert-database.appspot.com"
  },
  "client": [
    {
      "client_info": {
        "mobilesdk_app_id": "1:683534450727:android:c1770f5e71406c849cce02",
        "android_client_info": {
          "package_name": "com.example.myapplicationfinal"
        }
      },
      "oauth_client": [
        {
          "client_id": "683534450727-5dvba379gd59papq8225tvkt5tgtcht5.apps.googleusercontent.com",
          "client_type": 3
        }
      ],
      "api_key": [
        {
          "current_key": "AIzaSyAKlAvO1ksrjzAR7jz0M4loUF5FxehdnOQ"
        }
      ],
      "services": {
        "appinvite_service": {
          "other_platform_oauth_client": [
            {
              "client_id": "683534450727-5dvba379gd59papq8225tvkt5tgtcht5.apps.googleusercontent.com",
              "client_type": 3
            }
          ]
        }
      }
    }
  ],
  "configuration_version": "1"
}